{
  "schemaVersion": 1,
  "pivotHeight": 1.75,
  "minDistance": 1.5,
  "maxDistance": 28.0,
  "defaultDistance": 10.5,
  "collisionProbeRadius": 0.25,
  "collisionPadding": 0.20000000298023224,
  "shoulderOffset": 0.44999998807907104,
  "defaultPitch": 0.3199999928474426,
  "minPitch": -0.15000000596046448,
  "maxPitch": 1.25,
  "lookSensitivity": 0.003000000026077032,
  "zoomSensitivity": 0.25,
  "verticalFovRadians": 1.1344640254974365,
  "nearPlane": 0.10000000149011612,
  "farPlane": 2000.0
}
