{
  "schemaVersion": 1,
  "baseColor": [
    0.07000000029802322,
    0.14000000059604645,
    0.05999999865889549,
    1.0
  ],
  "roughness": 0.949999988079071,
  "metallic": 0.0,
  "opacityMode": "opaque",
  "opacityCutoff": 0.5,
  "emissive": [
    0.0,
    0.0,
    0.0
  ],
  "doubleSided": false,
  "physics": {
    "friction": 0.8500000238418579,
    "restitution": 0.03999999910593033,
    "density": 1000.0,
    "surface": "default"
  }
}
