{
  "schemaVersion": 1,
  "baseColor": [
    0.45899999141693115,
    0.40799999237060547,
    0.28200000524520874,
    1.0
  ],
  "roughness": 0.9200000166893005,
  "metallic": 0.0,
  "opacityMode": "opaque",
  "opacityCutoff": 0.5,
  "emissive": [
    0.0,
    0.0,
    0.0
  ],
  "doubleSided": false,
  "physics": {
    "friction": 0.75,
    "restitution": 0.0,
    "density": 1600.0,
    "surface": "sand"
  }
}
