{
  "schemaVersion": 1,
  "visualPrefab": "assets/prefabs/player/player.prefab.json",
  "capsuleRadius": 0.3499999940395355,
  "capsuleHalfHeight": 0.8500000238418579,
  "maxSlopeRatio": 0.44999998807907104,
  "stepHeight": 0.3499999940395355,
  "maxSpeed": 6.0,
  "gravity": 9.8100004196167,
  "jumpVelocity": 5.0
}
